Outlet Type,Total Sales,No of Items,Avg Sales,Avg Rating,Item Visibility
Supermarket Type1,$787549.89,5577,$141,4,0.06072284275632081
Grocery Store,$151939.15,1083,$140,4,0.10486230210249302
Supermarket Type2,$131477.78,928,$142,4,0.06101449889655169
Supermarket Type3,$130714.67,935,$140,4,0.05861472122245989
